HPI,HEI,MPI,Cd,PLI
73.04387972218876,3.466666666666667,0.02550849001251581,3.466666666666667,0.6786916380543176
133.4287205427757,5.873333333333333,0.04247435035179737,5.873333333333333,1.1300938001979068
43.21024529286603,2.293333333333333,0.016598701273828925,2.293333333333333,0.4416333444896912
189.47850174635673,7.9,0.05650469000989533,7.9,1.5033920315060252
99.98554739250874,4.6,0.03393458190271588,4.6,0.9028804514474342
69.43217311012083,3.3066666666666666,0.024634321684466127,3.3066666666666666,0.6554330784842238
